attack,count,percent
Yes,82,29.71014493
No,194,70.28985507