stolen,count,percent
Yes,278,53.98058252
No,237,46.01941748