time,count,percent
<15 minutes,133,29.23076923
15 - 30 minutes,224,49.23076923
30 minutes - 1 hour,82,18.02197802
1 hour - 1.5 hours,14,3.076923077
>1.5 hours,2,0.4395604396